param,fixed,fit_value
β,false,0.3212109582729031
σ,true,0.23003749999999962
γ,true,0.2740968750000002
μ,false,0.006394077475045846
E0,false,245.80721732343153
I0,false,459.96638925260703
N_eff,false,142753.3148183814
R0,false,1.1718884364256354
