param,fixed,fit_value
β,false,0.2646878762329835
σ,true,0.1753999999999999
γ,true,0.24749999999999991
μ,false,0.0015424383615133287
E0,false,139.0218729276344
I0,false,113.70387517209393
N_eff,false,199986.9555726815
R0,false,1.0694459645777115
