param,fixed,prior_value,fit_value,delta_pct
β,false,0.44115856956475447,0.478776958746136,8.52718087702806
σ,true,0.40000000000000224,0.40000000000000224,0.0
γ,true,0.39990000000000164,0.39990000000000164,0.0
μ,false,9.70886075949369e-5,0.002236696416999321,2203.7681251886465
E0,false,1.9444444444395728,2.2997874111467658,18.27478114497774
I0,false,1.9444585971445547,1.322786755780044,-31.971461993437078
N_eff,false,92144.09435465148,10080.744745063132,-89.0598037609838
R0,false,1.103172216966123,1.1972417072921582,8.527180877039667
