param,fixed,fit_value
β,false,0.4521244701946277
σ,true,0.40000000000000274
γ,true,0.39990000000000175
μ,false,0.0006242347244706053
E0,false,2.4391833985733564
I0,false,3.810190458522741
N_eff,false,5434.299468943455
R0,false,1.13059382394255
