param,fixed,fit_value
β,false,0.39669316431302876
σ,true,0.1753999999999998
γ,true,0.24749999999999955
μ,false,0.002213090393218598
E0,false,0.8490385599071097
I0,false,28.15701636260626
N_eff,false,6318.091033149308
R0,false,1.6028006638910282
