param,fixed,fit_value
β,false,0.28150194576783716
σ,true,0.19183866171003777
γ,true,0.23412936802973877
μ,false,0.0019927648362908
E0,false,185.37617398015084
I0,false,0.003094326412022783
N_eff,false,105632.28682470864
R0,false,1.2023350515005926
