param,fixed,prior_value,fit_value,delta_pct
β,false,1.4802406250000006,0.3212114477230977,-78.30005187677642
σ,true,0.23003749999999962,0.23003749999999962,0.0
γ,true,0.2740968750000002,0.2740968750000002,0.0
μ,false,0.0026271718750000045,0.006394029102432558,143.38069244132495
E0,false,449.9266423936365,245.82274195328918,-45.36381738909747
I0,false,374.0188146582659,459.9488915149206,22.97480059530352
N_eff,false,27008.911111111116,142753.6031280971,428.5426078112795
R0,false,5.400428680553179,1.171890222108871,-78.30005187681482
