param,fixed,fit_value
β,false,0.4938171063575126
σ,true,0.4000000000000009
γ,true,0.39984801762114625
μ,false,0.0012202433170037158
E0,false,18.202783112005996
I0,false,9.412641472706809e-5
N_eff,false,12190.4910317661
R0,false,1.2350120160540636
