param,fixed,fit_value
β,false,0.31252212318576683
σ,true,0.21643870967741918
γ,true,0.2503129032258067
μ,false,0.007566758326397092
E0,false,146.8347761482041
I0,false,167.84627123283948
N_eff,false,47161.94946635353
R0,false,1.2485258217145976
