param,fixed,prior_value,fit_value,delta_pct
β,false,0.42743793319509654,0.3966939466000105,-7.192620075902706
σ,true,0.1753999999999998,0.1753999999999998,0.0
γ,true,0.24749999999999955,0.24749999999999955,0.0
μ,false,0.002500000000000002,0.002213089975021993,-11.476400994529785
E0,false,1.4253135689851757,0.8505059259373845,-40.328504236204765
I0,false,1.0,28.15536555721135,2715.536555718419
N_eff,false,6938.899510460393,6318.036883233224,-8.947566199672123
R0,false,1.7270219523034236,1.60280382464651,-7.192620075915375
