param,fixed,fit_value
β,false,0.4787402720905839
σ,true,0.40000000000000224
γ,true,0.39990000000000164
μ,false,0.002278032575577599
E0,false,1.1339270379716109
I0,false,2.4305198909020476
N_eff,false,10137.188351029683
R0,false,1.1971499677183843
