param,fixed,fit_value
β,false,0.40383613727340284
σ,true,0.2992522727272725
γ,true,0.3330505681818188
μ,false,0.005613780937321843
E0,false,263.11468070934717
I0,false,780.4498744586591
N_eff,false,95428.77242352333
R0,false,1.212537001447002
