param,fixed,fit_value
β,false,0.50090174075548
σ,true,0.36053350785340393
γ,true,0.39351413612565384
μ,false,0.002092626144776665
E0,false,50.54710305206151
I0,false,5.667281946221815e-8
N_eff,false,31303.498012912052
R0,false,1.2728938931828766
