param,fixed,prior_value,fit_value,delta_pct
β,false,0.44115856956475447,0.47872295353661826,8.514939199490001
σ,true,0.40000000000000224,0.40000000000000224,0.0
γ,true,0.39990000000000164,0.39990000000000164,0.0
μ,false,9.70886075949369e-5,0.002234693185054966,2201.7048224249693
E0,false,1.9444444444395728,1.8105369652999606,-6.886670355765197
I0,false,1.9444585971445547,1.7834388906524592,-8.280953203553462
N_eff,false,92144.09435465148,10095.84071009445,-89.04342076309658
R0,false,1.103172216966123,1.1971066605066674,8.514939199501585
