param,fixed,prior_value,fit_value,delta_pct
β,false,0.4229127403816909,0.4938121173776701,16.764540347453906
σ,true,0.4000000000000009,0.4000000000000009,0.0
γ,true,0.39984801762114625,0.39984801762114625,0.0
μ,false,0.00014925110132158565,0.0012200765792390522,717.4657079652247
E0,false,16.944444444402045,18.20536848085617,7.4415189036818665
I0,false,16.944560145143125,9.68557957205459e-10,-99.99999999427806
N_eff,false,196293.65392139423,12190.451328759542,-93.78968647980784
R0,false,1.057683724175415,1.2349995388636748,16.764540347477702
